[
  {
    "title": "9% off\nLimited time deal\nOnePlus Nord 5 | Snapdragon 8s Gen 3 | St…",
    "price": "N/A",
    "image": "",
    "url": "https://www.amazon.in/OnePlus-Snapdragon-Flagship-Powered-Phantom/dp/B0FCML66W9?tag=bestdeal03ff2-21",
    "category": "Today's Deal"
  },
  {
    "title": "Limited time deal\nOnePlus Nord CE5 | Massive 7100mAh Battery…",
    "price": "N/A",
    "image": "",
    "url": "https://www.amazon.in/OnePlus-MediaTek-Dimensity-Massive-Infinity/dp/B0FCMLCX46?tag=bestdeal03ff2-21",
    "category": "Today's Deal"
  }
]