[
  {
    "title": "Apple iPhone 15 Pro Max (512 GB) - Black Titanium",
    "price": "\u20b91,54,900.00",
    "image": "https://m.media-amazon.com/images/I/41lQuD3zXhL._SX300_SY300_QL70_ML2_.jpg",
    "url": "https://www.amazon.in/Apple-iPhone-15-Pro-Max/dp/B0CHXDW1B6?tag=bestdeal03ff2-21"
  },
  {
    "title": "Samsung Galaxy Z Flip5 (Cream, 8GB RAM, 512GB Storage) Without Offer",
    "price": "\u20b962,900.00",
    "image": "https://m.media-amazon.com/images/I/31SacdOt-ZL._SX300_SY300_QL70_ML2_.jpg",
    "url": "https://www.amazon.in/Samsung-Galaxy-Flip5-Storage-Without/dp/B0CCRCKCCB?tag=bestdeal03ff2-21"
  },
  {
    "title": "iQOO Z9 5G (Graphene Blue, 8GB RAM, 256GB Storage) | Dimensity 7200 5G Processor | Sony IMX882 OIS Camera | 120Hz AMOLED with 1800 nits Local Peak Brightness | 44W Charger in The Box",
    "price": "\u20b920,499.00",
    "image": "https://m.media-amazon.com/images/I/41m0LsdUd6L._SX300_SY300_QL70_ML2_.jpg",
    "url": "https://www.amazon.in/iQOO-Brushed-Dimensity-Processor-Brightness/dp/B07WHQMR25?tag=bestdeal03ff2-21"
  },
  {
    "title": "Lava Agni 2 5G (Glass Viridian, 8GB RAM, 256GB Storage) | India's First Dimensity 7050 Processor | 120 Hz Curved Amoled Display | 13 5G Bands | Superfast 66W Charging | Clean Android",
    "price": "\u20b916,387.00",
    "image": "https://m.media-amazon.com/images/I/41U0KBNRk5L._SX300_SY300_QL70_ML2_.jpg",
    "url": "https://www.amazon.in/Lava-Viridian-Dimensity-Processor-Superfast/dp/B0C467KFNM?tag=bestdeal03ff2-21"
  },
  {
    "title": "Apple iPad Air (5th Generation): with M1 chip, 27.69 cm (10.9\u2033) Liquid Retina Display, 64GB, Wi-Fi 6, 12MP front/12MP Back Camera, Touch ID, All-Day Battery Life \u2013 Blue",
    "price": "N/A",
    "image": "https://m.media-amazon.com/images/I/41L1Fw2xgOL._SY445_SX342_QL70_ML2_.jpg",
    "url": "https://www.amazon.in/Apple-iPad-Air-10-9-inch-27-69-Wi-Fi/dp/B09V4FNFHN?tag=bestdeal03ff2-21"
  },
  {
    "title": "Samsung Galaxy Tab S9 FE [Smartchoice], S Pen in-Box, RAM 6 GB, ROM 128 GB Expandable, Wi-Fi, IP68 Tablet, Silver",
    "price": "\u20b928,499.00",
    "image": "https://m.media-amazon.com/images/I/31TLQu4vNvL._SX300_SY300_QL70_ML2_.jpg",
    "url": "https://www.amazon.in/Samsung-Galaxy-Display-Expandable-Tablet/dp/B0CHZ2X647?tag=bestdeal03ff2-21"
  },
  {
    "title": "Lenovo Tab M10 HD LED Tablet (10.1-inch, 2GB, 16GB, Cellular, WiFi Calling + WiFi, SLATE Black)",
    "price": "\u20b9419.00",
    "image": "https://m.media-amazon.com/images/I/41A0S1w+z6L._SY300_SX300_.jpg",
    "url": "https://www.amazon.in/Lenovo-Tablet-10-1-inch-Calling-Volte/dp/B08BLL4BFL?tag=bestdeal03ff2-21"
  },
  {
    "title": "SKYWALL 80 cm (32 inches) HD Ready Smart LED TV 32SWELS-PRO (Black)",
    "price": "\u20b97,299.00",
    "image": "https://m.media-amazon.com/images/I/41Ii+83P-yL._SY300_SX300_.jpg",
    "url": "https://www.amazon.in/Skywall-81-28-inches-Smart-32SWELS-PRO/dp/B08QX1CC14?tag=bestdeal03ff2-21"
  },
  {
    "title": "Sony Bravia 108 cm (43 inches) 4K Ultra HD Smart Android LED TV 43X74 (Black) (2021 Model)",
    "price": "\u20b947,990.00",
    "image": "https://m.media-amazon.com/images/I/51yrdDno6SL._SY300_SX300_QL70_ML2_.jpg",
    "url": "https://www.amazon.in/Sony-Bravia-Android-KD-43X74-Compatibility/dp/B0918S668P?tag=bestdeal03ff2-21"
  },
  {
    "title": "Xiaomi MI 108 cm (43 inches) A Pro 4K Dolby Vision Smart Google LED TV L43MA-AUIN (Black)",
    "price": "\u20b921,499.00",
    "image": "https://m.media-amazon.com/images/I/41ldjDXT8IL._SX300_SY300_QL70_ML2_.jpg",
    "url": "https://www.amazon.in/Xiaomi-inches-Vision-Google-L43MA-AUIN/dp/B0DBRL1SYQ?tag=bestdeal03ff2-21"
  },
  {
    "title": "Prestige Iris 750 Watt Mixer Grinder with 3 Stainless Steel Jar + 1 Juicer Jar (White and Blue)",
    "price": "\u20b92,799.00",
    "image": "https://m.media-amazon.com/images/I/41Qo9y0LfGL._SX300_SY300_QL70_ML2_.jpg",
    "url": "https://www.amazon.in/Prestige-Iris-Grinder-Stainless-Juicer/dp/B0756K5DYZ?tag=bestdeal03ff2-21"
  },
  {
    "title": "Bajaj ICX 160TS 1600W Induction Cooktop, Black",
    "price": "\u20b92,925.00",
    "image": "https://m.media-amazon.com/images/I/413euDPXewL._SY445_SX342_QL70_ML2_.jpg",
    "url": "https://www.amazon.in/Bajaj-160TS-1600W-Induction-Cooktop/dp/B0BW4H4FMM?tag=bestdeal03ff2-21"
  },
  {
    "title": "Ajanta Step Movement Plastic Analog Wall Clock for Home/Office/Bedroom/Living Room/Kitchen (White, 7 Inches)",
    "price": "\u20b9160.00",
    "image": "https://m.media-amazon.com/images/I/41DA+5vWFoL._SY300_SX300_.jpg",
    "url": "https://www.amazon.in/Ajanta-Inches-Bedroom-Kitchen-Movement/dp/B07DLX1C1P?tag=bestdeal03ff2-21"
  },
  {
    "title": "Plantex Bathroom Mirror with LED 3 Lights Tone/Designer Mirror for Living Room/Bedroom/Dressing Room - Oval Shape (18 X 24 Inch)",
    "price": "\u20b93,299.00",
    "image": "https://m.media-amazon.com/images/I/41hT47a7ebL._SX300_SY300_QL70_ML2_.jpg",
    "url": "https://www.amazon.in/Plantex-Bathroom-Designer-Bedroom-Dressing/dp/B0C9Q2FVBN?tag=bestdeal03ff2-21"
  },
  {
    "title": "Desidiya 8 Modes Curtain Lights 300 LEDs 10 Fairy Light 3Mtr Each Indoor/Outdoor Decoration for Diwali, Christmas, Wedding, Party, Home, Patio Lawn with Remote and USB Power Supply (White), 3 Meters",
    "price": "\u20b9399.00",
    "image": "https://m.media-amazon.com/images/I/51RIYVR-WgL._SY445_SX342_QL70_ML2_.jpg",
    "url": "https://www.amazon.in/DesiDiya-Curtain-Outdoor-Decoration-Christmas/dp/B09CV41LJM?tag=bestdeal03ff2-21"
  },
  {
    "title": "Zaptec 25 in 1 Precision Small Magnetic Screwdriver Set Multi Pocket Repair Tool Kit for Mobile, Laptop, Electronics, iPad, Mackbook, Watch",
    "price": "\u20b9159.00",
    "image": "https://m.media-amazon.com/images/I/51E09sy6PPL._SY300_SX300_QL70_ML2_.jpg",
    "url": "https://www.amazon.in/Zaptec-Precision-Magnetic-Screwdriver-Electronics/dp/B0CS6NNX96?tag=bestdeal03ff2-21"
  },
  {
    "title": "BOSCH GSB 600 Corded Electric Impact Drill | 600 W Motor | Speed upto 3000 RPM | Rated Torque of 1.4 Nm | Impact rate upto 48000 BPM | Double Insulation | 1 Year Warranty",
    "price": "\u20b92,897.00",
    "image": "https://m.media-amazon.com/images/I/3130xhhGzQL._SX300_SY300_QL70_ML2_.jpg",
    "url": "https://www.amazon.in/Bosch-Drill-13mm/dp/B0D5YW44VC?tag=bestdeal03ff2-21"
  },
  {
    "title": "American Tourister RON Large 4 Compartment Laptop Backpack Travel Bag, 28 Ltrs Durable Bags For Mens, College School Computer Backpack Gift For Unisex Boys Girls Kids, Black, With Rain Cover",
    "price": "\u20b91,599.00",
    "image": "https://m.media-amazon.com/images/I/41dNoa86hhL._SY300_SX300_.jpg",
    "url": "https://www.amazon.in/American-Tourister-Large-Laptop-Backpack-BLACK/dp/B0C65ZF9SP?tag=bestdeal03ff2-21"
  },
  {
    "title": "TIMEWEAR Analog Day Date Functioning Stainless Steel Chain Watch for Men",
    "price": "",
    "image": "https://m.media-amazon.com/images/I/415wDnu8sCL._SY300_SX300_.jpg",
    "url": "https://www.amazon.in/TIMEWEAR-Functioning-White-Chain-Watch/dp/B07MDGSP8F?tag=bestdeal03ff2-21"
  },
  {
    "title": "Fastrack Analog Digital Black Dial Green Colour Plastic Strap Unisex Watch - NT38076PP02W",
    "price": "\u20b91,835.00",
    "image": "https://m.media-amazon.com/images/I/51fOVzogDRL._SX300_SY300_QL70_ML2_.jpg",
    "url": "https://www.amazon.in/Fastrack-Analog-Watch-Unisex-38076PP02W/dp/B0CCW836MJ?tag=bestdeal03ff2-21"
  },
  {
    "title": "Lifelong Rubber Coated Hexa Dumbbell Set of 2 (2Kg x 2) for Home Gym \u2013 Weights for Men & Women \u2013 Exercise Equipment (Black)",
    "price": "\u20b9849.00",
    "image": "https://m.media-amazon.com/images/I/415Z5pfzT4L._SX300_SY300_QL70_ML2_.jpg",
    "url": "https://www.amazon.in/Lifelong-Dumbbells-Home-Fitness-Barbell/dp/B0F6YRC5B8?tag=bestdeal03ff2-21"
  },
  {
    "title": "Boldfit Heavy Resistance Band for Exercise & Stretching, Pull Up Band Suitable in Home & Gym Workout, Power Bands for Men & Women. (Yellow 3-7kg Resistances)(Material: Natural Rubber)",
    "price": "\u20b9229.00",
    "image": "https://m.media-amazon.com/images/I/41ikwB55WnL._SX300_SY300_QL70_ML2_.jpg",
    "url": "https://www.amazon.in/Boldfit-Natural-Resistance-Exercise-Stretching/dp/B0DM25Q1SD?tag=bestdeal03ff2-21"
  },
  {
    "title": "Lifelong Yoga mat for Women & Men EVA Material 4mm Black Anti Slip for Gym Workout",
    "price": "\u20b9299.00",
    "image": "https://m.media-amazon.com/images/I/31GhPvyYRHL._SX300_SY300_QL70_ML2_.jpg",
    "url": "https://www.amazon.in/Lifelong-LLYM96-Women-Material-Workout/dp/B0CLV84Q94?tag=bestdeal03ff2-21"
  },
  {
    "title": "Apple iPhone 15 (128 GB) - Blue",
    "price": "\u20b960,500.00",
    "image": "https://m.media-amazon.com/images/I/31Q14qzdoZL._SX300_SY300_QL70_ML2_.jpg",
    "url": "https://www.amazon.in/Apple-iPhone-15-128-GB/dp/B0CHX2F5QT?tag=bestdeal03ff2-21",
    "category": "Mobile Phones"
  },
  {
    "title": "Samsung Galaxy S24 Ultra 5G AI Smartphone with Galaxy AI (Titanium Gray, 12GB, 256GB Storage), Snapdragon 8 Gen 3, 200 MP Camera with ProVisual Engine and 5000mAh Battery",
    "price": "\u20b944,240.00",
    "image": "https://m.media-amazon.com/images/I/41X9qNxoJKL._SX300_SY300_QL70_ML2_.jpg",
    "url": "https://www.amazon.in/Samsung-Galaxy-Smartphone-Titanium-Storage/dp/B0CS5XW6TN?tag=bestdeal03ff2-21",
    "category": "Mobile Phones"
  },
  {
    "title": "Redmi Note 13 5G (Stealth Black, 6GB RAM, 128GB Storage) | 5G Ready | 120Hz Bezel-Less AMOLED | 7.mm Slimmest Note Ever | 108MP Pro-Grade Camera",
    "price": "\u20b915,500.00",
    "image": "https://m.media-amazon.com/images/I/410921AT8WL._SX300_SY300_QL70_ML2_.jpg",
    "url": "https://www.amazon.in/Redmi-Stealth-Bezel-Less-Slimmest-Pro-Grade/dp/B0CQPHMWR3?tag=bestdeal03ff2-21",
    "category": "Mobile Phones"
  },
  {
    "title": "OnePlus Nord 5 | Snapdragon 8s Gen 3 | Stable 144FPS Gaming | Dual 50MP Flagship Camera | Powered by OnePlus AI | 8GB + 256GB | Marble Sands",
    "price": "\u20b931,999.00",
    "image": "https://m.media-amazon.com/images/I/312pJqfGJhL._SX300_SY300_QL70_ML2_.jpg",
    "url": "https://www.amazon.in/OnePlus-Snapdragon-Stable-Flagship-Powered/dp/B0FC6TYPPX?tag=bestdeal03ff2-21",
    "category": "Mobile Phones"
  },
  {
    "title": "Cat Care Compatible with Vivo V27 (5G) / V27 Pro (5G) Electroplated Chrome 6D with Camera Protection, Slim Shockproof, Soft TPU, and Back Case Cover (Mint Green)",
    "price": "\u20b9299.00",
    "image": "https://m.media-amazon.com/images/I/31OdCKCeRXL._SX300_SY300_QL70_ML2_.jpg",
    "url": "https://www.amazon.in/Cat-Care-Vivo-V27-Electroplated/dp/B0C1W5R4LM?tag=bestdeal03ff2-21",
    "category": "Mobile Phones"
  },
  {
    "title": "HP 15, 13th Gen Intel Core i5-1334U (16GB DDR4, 1TB SSD) FHD, Anti-Glare, Micro-Edge, 15.6''/39.6cm, Win11, M365(1yr)* Office24, Silver, 1.59kg, FD0552TU, Iris Xe, FHD Camera w/Shutter, Backlit Laptop",
    "price": "\u20b956,990.00",
    "image": "https://m.media-amazon.com/images/I/41tMhloSFtL._SX300_SY300_QL70_ML2_.jpg",
    "url": "https://www.amazon.in/HP-i5-1334U-Anti-Glare-Micro-Edge-FD0552TU/dp/B0F671GG5M?tag=bestdeal03ff2-21",
    "category": "Laptops"
  },
  {
    "title": "Dell Inspiron 15.6-inch Full HD Touch-Screen Intel i5-1035G1 12GB 256GB SSD Win 10 Laptop",
    "price": "N/A",
    "image": "https://m.media-amazon.com/images/I/51Ui-qBB8tS._SY300_SX300_QL70_ML2_.jpg",
    "url": "https://www.amazon.in/Dell-Inspiron-Display-i5-1035G1-Bluetooth/dp/B092MYG52Z?tag=bestdeal03ff2-21",
    "category": "Laptops"
  },
  {
    "title": "2022 Apple MacBook Air Laptop with M2 chip: 13.6-inch Liquid Retina Display, 16GB RAM, 256GB SSD Storage, Backlit Keyboard, 1080p FaceTime HD Camera. Works with iPhone and iPad; Midnight",
    "price": "\u20b977,990.00",
    "image": "https://m.media-amazon.com/images/I/41+0wuOoe0L._SY300_SX300_.jpg",
    "url": "https://www.amazon.in/2022-Apple-MacBook-Laptop-chip/dp/B0DLHFM2XL?tag=bestdeal03ff2-21",
    "category": "Laptops"
  },
  {
    "title": "ASUS TUF Gaming A15, AMD Ryzen 7 7435HS, NVIDIA GeForce RTX 3050, 16GB RAM, 512GB SSD, FHD 144Hz 250 nits, 15.6\", Windows 11, MS Office, Black, 2.30KG, FA566NCR-HN254WS Gaming Laptop",
    "price": "\u20b965,650.00",
    "image": "https://m.media-amazon.com/images/I/41LfT2+50cL._SY300_SX300_.jpg",
    "url": "https://www.amazon.in/ASUS-Gaming-GeForce-Windows-FA566NCR-HN254WS/dp/B0F5KP3V65?tag=bestdeal03ff2-21",
    "category": "Laptops"
  },
  {
    "title": "Lenovo IdeaPad Slim 1 Intel\u00ae Celeron\u00ae N4020 15.6 inch (39.6cm) Thin & Light Laptop (8GB RAM/512GB SSD/Windows 11 Home/Office Home & Student 2024/1Yr ADP Free/Cloud Grey/1.54Kg), 82V700L2IN",
    "price": "\u20b926,490.00",
    "image": "https://m.media-amazon.com/images/I/41q+kEPtPcL._SX300_SY300_.jpg",
    "url": "https://www.amazon.in/Lenovo-IdeaPad-Celeron%C2%AE-Windows-82V700L2IN/dp/B0DWSZ4MD8?tag=bestdeal03ff2-21",
    "category": "Laptops"
  },
  {
    "title": "boAt Xtend Smart Watch w/Alexa Built-in, 1.69\" (4.2 cm) HD Display, Multiple Watch Faces, Stress Monitor, Heart & SpO2 Monitoring, 14 Sports Modes, Sleep Monitor, 5 ATM & 7 Days Battery(Pitch Black)",
    "price": "\u20b91,799.00",
    "image": "https://m.media-amazon.com/images/I/41pfjyUPZLL._SX300_SY300_QL70_ML2_.jpg",
    "url": "https://www.amazon.in/boAt-Smartwatch-Multiple-Monitoring-Resistance/dp/B096VF5YYF?tag=bestdeal03ff2-21",
    "category": "Smart Watches"
  },
  {
    "title": "Fire-Boltt Rise Smart Watch, 1.85\" HD Display, Metal Body with Bluetooth Calling, Rotating Crown, AI Voice Assistant, 120 Sports Modes, Neon UI, SpO2 & Heart Rate Monitoring (Black)",
    "price": "\u20b91,099.00",
    "image": "https://m.media-amazon.com/images/I/41wiAeSSN0L._SX300_SY300_QL70_ML2_.jpg",
    "url": "https://www.amazon.in/Fire-Boltt-Assistance-Connection-Smartwatch/dp/B0CMF25TKG?tag=bestdeal03ff2-21",
    "category": "Smart Watches"
  },
  {
    "title": "boAt Airdopes 131/138 with 60 Hrs Playback, ASAP Charge Truly Wireless Bluetooth in Ear Earbuds with Mic (Active Black)",
    "price": "\u20b9749.00",
    "image": "https://m.media-amazon.com/images/I/41axK5AFJ4L._SX300_SY300_QL70_ML2_.jpg",
    "url": "https://www.amazon.in/Airdopes-131-Technology-Bluetooth-Immersive/dp/B088FKCD4J?tag=bestdeal03ff2-21",
    "category": "Bluetooth Earbuds"
  },
  {
    "title": "OnePlus Nord Buds 3 Truly Wireless Bluetooth in Ear Earbuds with Up to 32Db Active Noise Cancellation,10Mins for 11Hours Fast Charging with Up to 43H Music Playback -Harmonic Gray",
    "price": "\u20b91,899.00",
    "image": "https://m.media-amazon.com/images/I/31gtxHHEj9L._SY300_SX300_.jpg",
    "url": "https://www.amazon.in/OnePlus-Wireless-Bluetooth-Cancellation-Harmonic/dp/B0DFQ1R3W4?tag=bestdeal03ff2-21",
    "category": "Bluetooth Earbuds"
  },
  {
    "title": "Noise Master Buds, Sound by Bose in-Ear Bluetooth Earbuds, Up to 49dB Adaptive ANC, LHDC 5.0, Immersive Spatial Audio, 44H Playtime with 6 mic ENC, Dual Pairing, IPX5 Ear Buds TWS (Titanium)",
    "price": "\u20b96,889.00",
    "image": "https://m.media-amazon.com/images/I/41s015PPoVL._SX300_SY300_QL70_ML2_.jpg",
    "url": "https://www.amazon.in/Noise-Bluetooth-Adaptive-Immersive-Playtime/dp/B0DK96DPY6?tag=bestdeal03ff2-21",
    "category": "Bluetooth Earbuds"
  },
  {
    "title": "Sony WF-1000XM5 Active Noise Cancelling Wireless Bluetooth in Ear Earbuds with Mic, Up to 36 Hours Battery Life - Black",
    "price": "\u20b919,989.00",
    "image": "https://m.media-amazon.com/images/I/21iD0HdSIEL._SY300_SX300_QL70_ML2_.jpg",
    "url": "https://www.amazon.in/Sony-WF-1000XM5-Cancelling-Headphones-Multi-Point/dp/B0C33XXS56?tag=bestdeal03ff2-21",
    "category": "Bluetooth Earbuds"
  },
  {
    "title": "JBL New Launch Tune 245NC in Ear Wireless TWS ANC Earbuds, Customized Extra Bass with Headphones App, 48H Battery, Dual Connect, Quick Charge, IP54, Bluetooth 5.3, 3Months Additional Warranty (Black)",
    "price": "\u20b93,417.00",
    "image": "https://m.media-amazon.com/images/I/31DZD60sQ1L._SX300_SY300_QL70_ML2_.jpg",
    "url": "https://www.amazon.in/JBL-Customized-Headphones-Bluetooth-Additional/dp/B0D7ZCVG3Q?tag=bestdeal03ff2-21",
    "category": "Bluetooth Earbuds"
  },
  {
    "title": "JBL Flip 5 Wireless Portable Bluetooth Speaker, Signature Sound with Powerful Bass Radiator, Vibrant Colors with Rugged Fabric Design, Party Boost, IPX7 Waterproof & Type C (Without Mic, Black)",
    "price": "\u20b96,999.00",
    "image": "https://m.media-amazon.com/images/I/31H4Fpr8nRL._SX300_SY300_QL70_ML2_.jpg",
    "url": "https://www.amazon.in/JBL-Waterproof-Bluetooth-Speaker-PartyBoost/dp/B07SVH63PX?tag=bestdeal03ff2-21",
    "category": "Speakers"
  },
  {
    "title": "Sony SRS-XB100 Wireless Bluetooth Portable Lightweight Super-Compact Travel Speaker, Extra-Durable IP67 Waterproof & Dustproof, 16 Hrs Batt, Versatile Strap, Extra Bass & Hands-Free Calling-Black",
    "price": "\u20b93,539.00",
    "image": "https://m.media-amazon.com/images/I/417lInhb1NL._SX300_SY300_QL70_ML2_.jpg",
    "url": "https://www.amazon.in/Sony-Lightweight-Super-Compact-Extra-Durable-Calling-Black/dp/B0C29CL98P?tag=bestdeal03ff2-21",
    "category": "Speakers"
  },
  {
    "title": "boAt New Launch Stone Opus, 80W Signature Sound, 12HRS Battery, Multilink Connectivity, Built-in Subwoofer, Premium Design, TWS, Bluetooth Speaker, Wireless Speaker, Portable Speaker (Caramel Brown)",
    "price": "\u20b96,999.00",
    "image": "https://m.media-amazon.com/images/I/51qFEB+CYEL._SY300_SX300_.jpg",
    "url": "https://www.amazon.in/boAt-Signature-Multilink-Connectivity-Subwoofer/dp/B0DQKVF2H4?tag=bestdeal03ff2-21",
    "category": "Speakers"
  },
  {
    "title": "amazon basics Wired Gaming Mouse, 4000 DPI, Lightweight, 8 Programmable Buttons, 500 IPS High-Speed Tracking, 1.6m Length USB Cable, for Gaming PC, Computer, Laptop, Mac (Black)",
    "price": "\u20b9414.00",
    "image": "https://m.media-amazon.com/images/I/31xu8OUb9ML._SX300_SY300_QL70_ML2_.jpg",
    "url": "https://www.amazon.in/Lightweight-Programmable-High-Speed-Tracking-Computer/dp/B0CKLP9Z92?tag=bestdeal03ff2-21",
    "category": "Gaming Gear"
  },
  {
    "title": "EvoFox Fireblade TKL Semi-Mechanical Gaming Keyboard with Rainbow Backlit& Breathing Effect, Floating Keycaps, 19 Anti-Ghosting & 12 Multimedia Keys, Windows Lock Key, Braided Cable (Black)",
    "price": "\u20b9699.00",
    "image": "https://m.media-amazon.com/images/I/31-rF5rB3UL._SX300_SY300_QL70_ML2_.jpg",
    "url": "https://www.amazon.in/AMKETTE-Amkette-Fireblade-Keyboard-Anti-Ghosting/dp/B085366TJW?tag=bestdeal03ff2-21",
    "category": "Gaming Gear"
  },
  {
    "title": "Cosmic Byte GS430 Gaming wired over ear Headphone, 7 Color RGB LED and Microphone",
    "price": "\u20b9999.00",
    "image": "https://m.media-amazon.com/images/I/414Rm-APz-L._SX300_SY300_QL70_ML2_.jpg",
    "url": "https://www.amazon.in/Cosmic-Byte-GS430-Microphone-Black/dp/B0859KTNZ8?tag=bestdeal03ff2-21",
    "category": "Gaming Gear"
  },
  {
    "title": "Sony DualSense Wireless Controller White (PlayStation 5)",
    "price": "\u20b95,679.00",
    "image": "https://m.media-amazon.com/images/I/31nh0udpAKL._SX300_SY300_QL70_ML2_.jpg",
    "url": "https://www.amazon.in/Sony-CFI-ZCT1W-DualSense-wireless-controller/dp/B08GZ6QNTC?tag=bestdeal03ff2-21",
    "category": "Gaming Gear"
  },
  {
    "title": "Pigeon Healthifry Digital Air Fryer, 360\u00b0 High Speed Air Circulation Technology 1200 W with Non-Stick 4.2 L Basket - Green",
    "price": "\u20b92,599.00",
    "image": "https://m.media-amazon.com/images/I/41NPsGtO-zL._SX300_SY300_QL70_ML2_.jpg",
    "url": "https://www.amazon.in/Pigeon-Healthifry-Circulation-Technology-Non-Stick/dp/B0B8XNPQPN?tag=bestdeal03ff2-21",
    "category": "Home Appliances"
  },
  {
    "title": "Pigeon Kessel Multipurpose Kettle (12173) 1.2 litres with Stainless Steel Body, used for boiling Water and milk, Tea, Coffee, Oats, Noodles, Soup etc. 600 Watt (Black & Silver)",
    "price": "\u20b9699.00",
    "image": "https://m.media-amazon.com/images/I/21pEh59YewL._SY300_SX300_QL70_ML2_.jpg",
    "url": "https://www.amazon.in/Pigeon-Multipurpose-12173-Stainless-boiling/dp/B01I1LDZGA?tag=bestdeal03ff2-21",
    "category": "Home Appliances"
  },
  {
    "title": "Ceiling Fan | 11 Modern Ceiling Fans That Are Actually Attractive | Strong and Powerful Ceiling Fan | Outstanding Performance SMHSENT-0Q650",
    "price": "N/A",
    "image": "https://m.media-amazon.com/images/I/51r9urS-J9L._SX300_SY300_QL70_ML2_.jpg",
    "url": "https://www.amazon.in/Actually-Attractive-Outstanding-Performance-SMHSENT-0Q650/dp/B0DX74R6VY?tag=bestdeal03ff2-21",
    "category": "Home Appliances"
  },
  {
    "title": "Panasonic 20L Solo Microwave Oven (NN-ST26JMFDG, Silver, 51 Auto Menus)",
    "price": "\u20b96,190.00",
    "image": "https://m.media-amazon.com/images/I/41+xLbM1bgL._SX342_SY445_.jpg",
    "url": "https://www.amazon.in/Panasonic-Microwave-NN-ST26JMFDG-Silver-Menus/dp/B08CL8XF75?tag=bestdeal03ff2-21",
    "category": "Home Appliances"
  },
  {
    "title": "V-Guard Zenora RO MF Water Purifier Filter for Home | Save 60+ Glasses of Water Every Day | 1-Year UNCONDITIONAL Warranty with Proactive Service by V-Guard | 7 Stages | Mineral Health Charger| 7 L",
    "price": "\u20b97,899.00",
    "image": "https://m.media-amazon.com/images/I/31ItFbWNaZL._SY445_SX342_QL70_ML2_.jpg",
    "url": "https://www.amazon.in/V-Guard-Zenora-Water-40-Recovery/dp/B0F2SK3KW6?tag=bestdeal03ff2-21",
    "category": "Home Appliances"
  },
  {
    "title": "Lifelong PVC Hex Fixed Dumbbells Pack of 2 (1kg*2) Black Color for Home Gym Equipment Fitness Barbell|Gym Exercise|Home Workout, Gym | Weights for Men & Women (6 Months Warranty)",
    "price": "\u20b9169.00",
    "image": "https://m.media-amazon.com/images/I/31cHmJmg7mL._SX300_SY300_QL70_ML2_.jpg",
    "url": "https://www.amazon.in/Lifelong-Dumbbells-Fitness-Resistance-Training/dp/B0DL9LSX8D?tag=bestdeal03ff2-21",
    "category": "Fitness & Health"
  },
  {
    "title": "Muuchstac Ocean Face Wash for Men | Fight Acne & Pimples, Brighten Skin, Clears Dirt, Oil Control, Refreshing Feel - Multi-Action Formula (2x100 ml)",
    "price": "\u20b9245.00",
    "image": "https://m.media-amazon.com/images/I/41FeYstexxL._SX300_SY300_QL70_ML2_.jpg",
    "url": "https://www.amazon.in/Muuchstac-Ocean-Face-Wash-Pack/dp/B083SMXD1Z?tag=bestdeal03ff2-21",
    "category": "Fitness & Health"
  },
  {
    "title": "SanDisk Cruzer Blade 128GB, USB 2.0, Flash Drive, Pendrive, Red, 5Y Warranty (SDCZ50-128G-I35)",
    "price": "\u20b9699.00",
    "image": "https://m.media-amazon.com/images/I/319U27iJkqL._SY300_SX300_QL70_ML2_.jpg",
    "url": "https://www.amazon.in/SanDisk-Cruzer-Blade-SDCZ50-128G-I35-128GB/dp/B07G2LLHSD?tag=bestdeal03ff2-21",
    "category": "Storage Devices"
  },
  {
    "title": "Trident 1 TB Hi-Speed Portable Hard Drive, Type-C and USB 3.0, 2-in-1 Mobile and PC Compatible, Heavy Duty Ultra Slim HDD, 2 Yrs Warranty (Trident, 1 TB)",
    "price": "\u20b93,825.00",
    "image": "https://m.media-amazon.com/images/I/31VcEd6AmtL._SX300_SY300_QL70_ML2_.jpg",
    "url": "https://www.amazon.in/Trident-Hi-Speed-Portable-Compatible-Warranty/dp/B0F1TXJRNZ?tag=bestdeal03ff2-21",
    "category": "Storage Devices"
  },
  {
    "title": "GIGABYTE SSD 1TB",
    "price": "\u20b9299.00",
    "image": "https://m.media-amazon.com/images/I/41s9bUKBq0L._SY300_SX300_QL70_ML2_.jpg",
    "url": "https://www.amazon.in/GIGABYTE-GP-GSTFS31100TNTD-GIAGBYTE-1TB-SSD/dp/B07RQF6P9C?tag=bestdeal03ff2-21",
    "category": "Storage Devices"
  },
  {
    "title": "(Refurbished) vivo V27 5G (Magic Blue, 128 GB) (8 GB RAM)",
    "price": "\u20b9125.00",
    "image": "https://m.media-amazon.com/images/I/31kbL3XQlPL._SX300_SY300_QL70_ML2_.jpg",
    "url": "https://www.amazon.in/Refurbished-vivo-V27-Magic-Blue/dp/B0C9GNHC4W?tag=bestdeal03ff2-21",
    "category": "Mobile Phones"
  },
  {
    "title": "JBL Vibe Beam in-Ear Wireless Earbuds (TWS) with Mic,App for Customized Extra Bass Eq,32 Hours Battery&Quick Charge,Ip54 Water&Dust Resistance,Ambient Aware&Talk-Thru,Google Fastpair (Black)",
    "price": "\u20b91,999.00",
    "image": "https://m.media-amazon.com/images/I/31RkM1Z8FnL._SX300_SY300_QL70_ML2_.jpg",
    "url": "https://www.amazon.in/JBL-Wireless-Customized-Resistance-Talk-Thru/dp/B0CKHYTT2G?tag=bestdeal03ff2-21",
    "category": "Bluetooth Earbuds"
  },
  {
    "title": "CHIST Budget Gaming Pc Full Setup-Core I5 750-8Gb Ram -256Gb Ssd-500 Gb Hdd-Gt 710 2Gb,19\" Monitor-Gaming K/M Gaming Cabinet,Windows,Intel,Black",
    "price": "\u20b926,500.00",
    "image": "https://m.media-amazon.com/images/I/41kyZeY32ZL._SY300_SX300_QL70_ML2_.jpg",
    "url": "https://www.amazon.in/CHIST-Budget-Gaming-Full-Setup/dp/B0BSWTSJP4?tag=bestdeal03ff2-21",
    "category": "Gaming Gear"
  },
  {
    "title": "Canon EOS 3000D 18MP Digital SLR Camera (Black) with 18-55mm is II Lens, 16GB Card and Carry Case",
    "price": "\u20b935,190.00",
    "image": "https://m.media-amazon.com/images/I/51yulnXQYmL._SY300_SX300_QL70_ML2_.jpg",
    "url": "https://www.amazon.in/Canon-EOS-3000D-Digital-18-55mm/dp/B07BRWY6XV?tag=bestdeal03ff2-21",
    "category": "Cameras"
  },
  {
    "title": "Sony Alpha ILCE-6700L APS-C Interchangeable-Lens Mirrorless Camera (Body + 16-50 mm Power Zoom Lens) | Made for Creators | 26.0 MP | Artificial Intelligence Based Autofocus | 4K 60p Recording - Black",
    "price": "\u20b91,22,989.00",
    "image": "https://m.media-amazon.com/images/I/31lRjvC6tfL._SX300_SY300_QL70_ML2_.jpg",
    "url": "https://www.amazon.in/Sony-ILCE-6700L-Interchangeable-Lens-Mirrorless-Intelligence/dp/B0CNRZDLVH?tag=bestdeal03ff2-21",
    "category": "Cameras"
  },
  {
    "title": "Canon EOS R50 Mirrorless Camera with RF-S18-45mm f/4.5-6.3 is STM Lens (24.2 MP) for Video Vlogging - White",
    "price": "\u20b967,999.00",
    "image": "https://m.media-amazon.com/images/I/41dQR8nyEyL._SX300_SY300_QL70_ML2_.jpg",
    "url": "https://www.amazon.in/Canon-Digital-Camera-RF-S18-45mm-White/dp/B0BZHWQ2D1?tag=bestdeal03ff2-21",
    "category": "Cameras"
  },
  {
    "title": "Nikon Z5 Kit 24-70 with Additional Battery Camera Optics, Optical Zoom (Black)",
    "price": "\u20b91,23,990.00",
    "image": "https://m.media-amazon.com/images/I/51DD2fLdxQL._SX300_SY300_QL70_ML2_.jpg",
    "url": "https://www.amazon.in/Nikon-Z5-Additional-Battery-Optical/dp/B08HDZT797?tag=bestdeal03ff2-21",
    "category": "Cameras"
  },
  {
    "title": "ZEBRONICS Bro in Ear Wired Earphones with Mic, 3.5mm Audio Jack, 10mm Drivers, Phone/Tablet Compatible (Green)",
    "price": "\u20b9159.00",
    "image": "https://m.media-amazon.com/images/I/316aSEuJIaL._SX300_SY300_QL70_ML2_.jpg",
    "url": "https://www.amazon.in/ZEBRONICS-Zeb-Bro-Earphones-Compatible-Green/dp/B09R24JBYV?tag=bestdeal03ff2-21",
    "category": "Audio"
  },
  {
    "title": "Xiaomi Mi Smart Band 6 - 1.56'' (3.96 cm) Large AMOLED Color Display, 2 Week Battery Life, 30 Fitness Mode, 5 ATM, SpO2, HR, Sleep Monitoring, Women's Health Tracking, Alarm, Music Control (Black)",
    "price": "\u20b93,280.00",
    "image": "https://m.media-amazon.com/images/I/41vP3kb4aqL._SX300_SY300_QL70_ML2_.jpg",
    "url": "https://www.amazon.in/Xiaomi-Tracking-Continuous-Monitoring-Resistant/dp/B091G3FLL7?tag=bestdeal03ff2-21",
    "category": "Wearables"
  },
  {
    "title": "Cassarina Digital Pedometers for Men and Women - Accurate Step Tracker for Walking, Running, to Track Calories, Distance, Speed and Duration Fitness",
    "price": "\u20b9879.00",
    "image": "https://m.media-amazon.com/images/I/41-kGOMkrlL._SX300_SY300_QL70_ML2_.jpg",
    "url": "https://www.amazon.in/Cassarina-Digital-Pedometers-Men-Women/dp/B0CLB11NRR?tag=bestdeal03ff2-21",
    "category": "Wearables"
  },
  {
    "title": "Scott International T Shirt For Men | Plain Round Neck T Shirt | T-Shirt | Cotton Tshirt For Men | Men's T-Shirt | Tshirt For Men Stylish | T-Shirts For Men Regular Fit",
    "price": "",
    "image": "https://m.media-amazon.com/images/I/31+BO9LZVKL._SX342_SY445_.jpg",
    "url": "https://www.amazon.in/Scott-International-Mens-Regular-T-Shirt/dp/B0CT8HDS9F?tag=bestdeal03ff2-21",
    "category": "Fashion"
  },
  {
    "title": "Apple iPhone 15 (128 GB) - Black",
    "price": "\u20b960,500.00",
    "image": "https://m.media-amazon.com/images/I/31KxpX7Xk7L._SX300_SY300_QL70_ML2_.jpg",
    "url": "https://www.amazon.in/Apple-iPhone-15-128-GB/dp/B0CHX1W1XY?tag=bestdeal03ff2-21",
    "category": "Mobile Phones"
  },
  {
    "title": "Apple iPhone 15 (512 GB) - Yellow",
    "price": "\u20b982,900.00",
    "image": "https://m.media-amazon.com/images/I/313Cl7yn9rL._SX300_SY300_QL70_ML2_.jpg",
    "url": "https://www.amazon.in/Apple-iPhone-15-512-GB/dp/B0CHX3QB9M?tag=bestdeal03ff2-21",
    "category": "Mobile Phones"
  },
  {
    "title": "Samsung Galaxy S24 Ultra 5G AI Smartphone (Titanium Black, 12GB, 256GB Storage)_Without Offer",
    "price": "\u20b986,900.00",
    "image": "https://m.media-amazon.com/images/I/41HLaX4vwiL._SX300_SY300_QL70_ML2_.jpg",
    "url": "https://www.amazon.in/Samsung-Smartphone-Titanium-Storage-_without/dp/B0CT5BJC16?tag=bestdeal03ff2-21",
    "category": "Mobile Phones"
  },
  {
    "title": "Samsung Galaxy S24 Ultra 5G AI Smartphone (Titanium Gray, 12GB, 256GB Storage)_Without Offer",
    "price": "\u20b982,870.00",
    "image": "https://m.media-amazon.com/images/I/413eZrKrgnL._SX300_SY300_QL70_ML2_.jpg",
    "url": "https://www.amazon.in/Samsung-Smartphone-Titanium-Storage-_without/dp/B0CT5BKF4C?tag=bestdeal03ff2-21",
    "category": "Mobile Phones"
  },
  {
    "title": "Redmi Note 13 5G (Chromatic Purple, 8GB RAM, 256GB Storage) | 5G Ready | 120Hz Bezel-Less AMOLED | 7.mm Slimmest Note Ever | 108MP Pro-Grade Camera",
    "price": "\u20b923,798.00",
    "image": "https://m.media-amazon.com/images/I/41gF1pn3wPL._SX300_SY300_QL70_ML2_.jpg",
    "url": "https://www.amazon.in/Redmi-Chromatic-Purple-256GB-Storage/dp/B0D6392VSM?tag=bestdeal03ff2-21",
    "category": "Mobile Phones"
  },
  {
    "title": "Redmi Note 13 5G (Arctic White, 6GB RAM, 128GB Storage) | 5G Ready | 120Hz Bezel-Less AMOLED | 7.mm Slimmest Note Ever | 108MP Pro-Grade Camera",
    "price": "\u20b915,999.00",
    "image": "https://m.media-amazon.com/images/I/41ZlnmlOM-L._SX300_SY300_QL70_ML2_.jpg",
    "url": "https://www.amazon.in/Redmi-Storage-Bezel-Less-Slimmest-Pro-Grade/dp/B0CQPGG8KG?tag=bestdeal03ff2-21",
    "category": "Mobile Phones"
  },
  {
    "title": "OnePlus Nord CE4 (Celadon Marble, 8GB RAM, 128GB Storage) | Lifetime Display Warranty | Qualcomm\u00ae Snapdragon\u2122 7 Gen 3 - Best in The Segment | 50 MP Camera with OIS",
    "price": "\u20b922,998.00",
    "image": "https://m.media-amazon.com/images/I/41bkMtA7usL._SX300_SY300_QL70_ML2_.jpg",
    "url": "https://www.amazon.in/OnePlus-Lifetime-Warranty-Qualcomm%C2%AE-SnapdragonTM/dp/B0CX5BZXLF?tag=bestdeal03ff2-21",
    "category": "Mobile Phones"
  },
  {
    "title": "OnePlus Nord CE4 Lite 5G (Ultra Orange 8GB RAM, 128GB Storage) | Lifetime Display Warranty | 5500 mAh Battery, 80W SUPERVOOC and Reverse Charging | 50MP Camera with OIS | 120Hz AMOLED Display",
    "price": "\u20b917,996.00",
    "image": "https://m.media-amazon.com/images/I/41dUwBS3TdL._SX300_SY300_QL70_ML2_.jpg",
    "url": "https://www.amazon.in/OnePlus-Ultra-Orange-128GB-Storage/dp/B0D5YDJ5QM?tag=bestdeal03ff2-21",
    "category": "Mobile Phones"
  },
  {
    "title": "Veshotack Back Cover for Vivo V27 5G Flower Design Printed Designer Back Cover and case. (Design 50)",
    "price": "N/A",
    "image": "https://m.media-amazon.com/images/I/41ajjmdzhIL._SY300_SX300_QL70_ML2_.jpg",
    "url": "https://www.amazon.in/Veshotack-Flower-Design-Printed-Designer/dp/B0D3LJP7LG?tag=bestdeal03ff2-21",
    "category": "Mobile Phones"
  },
  {
    "title": "REOTELBack Panel for Vivo V27 -Black",
    "price": "\u20b9849.00",
    "image": "https://m.media-amazon.com/images/I/31XDWkLH3GL._SX300_SY300_QL70_ML2_.jpg",
    "url": "https://www.amazon.in/REOTELBack-Panel-Vivo-V27-Black/dp/B0DDQJJRYM?tag=bestdeal03ff2-21",
    "category": "Mobile Phones"
  },
  {
    "title": "realme narzo 60X 5G (Stellar Green, 4GB, 128GB Storage) Up to 2TB External Memory | 50 MP AI Primary Camera | Segments only 33W Supervooc Charge",
    "price": "\u20b911,999.00",
    "image": "https://m.media-amazon.com/images/I/41tSQSq1xJL._SX300_SY300_QL70_ML2_.jpg",
    "url": "https://www.amazon.in/realme-5G%EF%BC%88Stellar-Storage%EF%BC%89-External-Supervooc/dp/B0CGDQ9SN7?tag=bestdeal03ff2-21",
    "category": "Mobile Phones"
  },
  {
    "title": "(Refurbished) realme narzo 60X 5G\uff08Nebula Purple 4GB, 128GB Storage\uff09 Up to 2TB External Memory | 50 MP AI Primary Camera | Segments only 33W Supervooc Charge",
    "price": "\u20b98,799.00",
    "image": "https://m.media-amazon.com/images/I/41LR8VAZD2L._SX300_SY300_QL70_ML2_.jpg",
    "url": "https://www.amazon.in/Refurbished-realme-5G%EF%BC%88Nebula-Storage%EF%BC%89-Supervooc/dp/B0CRLBQWXD?tag=bestdeal03ff2-21",
    "category": "Mobile Phones"
  },
  {
    "title": "Motorola Edge 50 5G (8GB RAM + 256GB Storage) | 50MP + 13MP + 10MP | 32MP Front Camera | 5000 mAh Battery | Snapdragon 7 Gen 1 Accelerated Edition Processor (Jungle Green)",
    "price": "\u20b922,949.00",
    "image": "https://m.media-amazon.com/images/I/41iUr38zhKL._SX300_SY300_QL70_ML2_.jpg",
    "url": "https://www.amazon.in/Motorola-Storage-Snapdragon-Accelerated-Processor/dp/B0DCHQDRT4?tag=bestdeal03ff2-21",
    "category": "Mobile Phones"
  },
  {
    "title": "Motorola Edge 50 5G (8GB RAM + 256GB Storage) | 50MP + 13MP + 10MP | 32MP Front Camera | 5000 mAh Battery | Snapdragon 7 Gen 1 Accelerated Edition Processor (Peach Fuzz)",
    "price": "\u20b922,499.00",
    "image": "https://m.media-amazon.com/images/I/41Nevdu4uLL._SX300_SY300_QL70_ML2_.jpg",
    "url": "https://www.amazon.in/Motorola-Storage-Snapdragon-Accelerated-Processor/dp/B0DCHRSF9J?tag=bestdeal03ff2-21",
    "category": "Mobile Phones"
  },
  {
    "title": "HP 15, 13th Gen Intel Core i3-1315U (12GB DDR4, 512GB SSD) FHD, Anti-Glare, Micro-Edge, 15.6''/39.6cm, Win11, M365 Basic(1yr)* Office24, Silver, 1.59kg, fd0573TU, FHD Camera w/Shutter Laptop",
    "price": "\u20b937,490.00",
    "image": "https://m.media-amazon.com/images/I/41GQ7vEjQlL._SX300_SY300_QL70_ML2_.jpg",
    "url": "https://www.amazon.in/HP-i3-1315U-Anti-Glare-Micro-Edge-fd0573TU/dp/B0F4R3GFMQ?tag=bestdeal03ff2-21",
    "category": "Laptops"
  },
  {
    "title": "HP Victus, 13th Gen Intel Core i5-13420H, 6GB RTX 4050 Gaming Laptop (16GB DDR4, 512GB SSD) 144Hz, IPS, 15.6\"/39.6cm, Flicker-Free, Win 11, Office 21, Mica Silver, 2.29kg, Enhanced Cooling, fa1279TX",
    "price": "\u20b976,990.00",
    "image": "https://m.media-amazon.com/images/I/41UKw5MBIXL._SX300_SY300_QL70_ML2_.jpg",
    "url": "https://www.amazon.in/HP-Victus-i5-13420H-Flicker-Free-Enhanced/dp/B0F79G1XW6?tag=bestdeal03ff2-21",
    "category": "Laptops"
  },
  {
    "title": "Dell Inspiron 3530 Thin & Light Laptop, 13th Gen Intel Core i3-1305U/8GB/512GB SSD/15.6\" (39.62cm) 120Hz Refresh Rate on a FHD IPS Display/Windows 11 + MSO'21+McAfee 15 Month/Carbon Black/1.62kg",
    "price": "\u20b933,990.00",
    "image": "https://m.media-amazon.com/images/I/41XhDwxbF9L._SX300_SY300_QL70_ML2_.jpg",
    "url": "https://www.amazon.in/Dell-Inspiron-3530-i3-1305U-Comfortview/dp/B0C4ZM63RP?tag=bestdeal03ff2-21",
    "category": "Laptops"
  },
  {
    "title": "Dell Inspiron 3530 Laptop, 13th Gen Intel Core i5-1334U Processor, 16GB, 512GB SSD, 15.6\"(39.62cm) FHD 120Hz 250 nits, Backlit KB, Windows 11 + MSO'24 & 15 Month McAfee, Silver, Thin & Light- 1.62kg",
    "price": "\u20b952,990.00",
    "image": "https://m.media-amazon.com/images/I/41xcLEiSNIL._SX300_SY300_QL70_ML2_.jpg",
    "url": "https://www.amazon.in/Dell-Inspiron-i5-1334U-Processor-39-62cm/dp/B0D2Y1BLDT?tag=bestdeal03ff2-21",
    "category": "Laptops"
  },
  {
    "title": "2022 Apple MacBook Air Laptop with M2 chip: 13.6-inch Liquid Retina Display, 16GB RAM, 256GB SSD Storage, Backlit Keyboard, 1080p FaceTime HD Camera. Works with iPhone and iPad; Space Gray",
    "price": "\u20b980,990.00",
    "image": "https://m.media-amazon.com/images/I/41WLV5o25tL._SY445_SX342_QL70_ML2_.jpg",
    "url": "https://www.amazon.in/2022-Apple-MacBook-Laptop-chip/dp/B0DLHGQ17K?tag=bestdeal03ff2-21",
    "category": "Laptops"
  },
  {
    "title": "Apple 2025 MacBook Air (13-inch, Apple M4 chip with 10-core CPU and 8-core GPU, 16GB Unified Memory, 256GB) - Sky Blue",
    "price": "\u20b994,990.00",
    "image": "https://m.media-amazon.com/images/I/41yniWLSDvL._SX300_SY300_QL70_ML2_.jpg",
    "url": "https://www.amazon.in/Apple-MacBook-13-inch-10-core-Unified/dp/B0DZDDQ429?tag=bestdeal03ff2-21",
    "category": "Laptops"
  },
  {
    "title": "Apple 2023 MacBook Pro (14-inch, Apple M3 chip with 8\u2011core CPU and 10\u2011core GPU, 8GB Unified Memory, 512GB) - Silver",
    "price": "\u20b93,65,990.00",
    "image": "https://m.media-amazon.com/images/I/31PGPjaOAZL._SX300_SY300_QL70_ML2_.jpg",
    "url": "https://www.amazon.in/Apple-MacBook-14-inch-10%E2%80%91core-Unified/dp/B0CM5RTLM1?tag=bestdeal03ff2-21",
    "category": "Laptops"
  },
  {
    "title": "Apple 2023 MacBook Pro (16-inch, Apple M3 Max chip with 16\u2011core CPU and 40\u2011core GPU, 48GB Unified Memory, 1TB) - Space Black",
    "price": "\u20b93,65,990.00",
    "image": "https://m.media-amazon.com/images/I/31paoJTwAdL._SY445_SX342_QL70_ML2_.jpg",
    "url": "https://www.amazon.in/Apple-MacBook-16-inch-16%E2%80%91core-40%E2%80%91core/dp/B0CM5SZ7CP?tag=bestdeal03ff2-21",
    "category": "Laptops"
  },
  {
    "title": "ASUS TUF 15.6\" 144Hz IPS Gaming Laptop, 10 Cores Intel 12th Gen i7-12650H, GeForce RTX 3070 TGP 105W MUX Switch, Backlit KB, Wi-Fi 6, Thunderbolt 4, Hi-Res Audio (40GB DDR5 | 2TB PCIe SSD)",
    "price": "\u20b963,990.00",
    "image": "https://m.media-amazon.com/images/I/51dB6bQvzeL._SY300_SX300_QL70_ML2_.jpg",
    "url": "https://www.amazon.in/ASUS-i7-12650H-GeForce-Backlit-Thunderbolt/dp/B0BB7FJ4C3?tag=bestdeal03ff2-21",
    "category": "Laptops"
  },
  {
    "title": "ASUS TUF Gaming F15 - Intel Core i5-11260H 11th Gen, 15.6-inch (39.62 cm) FHD 144Hz, (8GB/512GB SSD/4GB NVIDIA RTX 2050/Win 11/MS Office/Backlit/Black/2.30 kg),FX506HF-HN077WS",
    "price": "\u20b965,900.00",
    "image": "https://m.media-amazon.com/images/I/41ZYM0UMeHL._SX300_SY300_QL70_ML2_.jpg",
    "url": "https://www.amazon.in/ASUS-TUF-Gaming-F15-FX506HF-HN077WS/dp/B0D2HZ1XQW?tag=bestdeal03ff2-21",
    "category": "Laptops"
  },
  {
    "title": "Lenovo Smartchoice IdeaPad Slim 3 13th Gen Intel Core i3-1315U 15.6 inch (39.6cm) FHD Laptop (8GB RAM/512GB SSD/Windows 11/Office Home 2024/Alexa Built-in/1Yr ADP Free/Grey/1.6Kg), 82X700F0IN",
    "price": "\u20b937,490.00",
    "image": "https://m.media-amazon.com/images/I/41oNER8Ri2L._SX300_SY300_QL70_ML2_.jpg",
    "url": "https://www.amazon.in/Lenovo-Smartchoice-IdeaPad-i3-1315U-82X700F0IN/dp/B0F2152TZL?tag=bestdeal03ff2-21",
    "category": "Laptops"
  },
  {
    "title": "Lenovo IdeaPad 3 14 Laptop, AMD Ryzen 5 5500U, 8GB RAM, 256GB Storage, 14.0\" FHD Display, AMD Radeon 7 Graphics, Windows 10 Home, Abyss Blue",
    "price": "\u20b933,889.00",
    "image": "https://m.media-amazon.com/images/I/51BcQX9c5cL._SX300_SY300_QL70_ML2_.jpg",
    "url": "https://www.amazon.in/Lenovo-IdeaPad-Processor-Graphics-82KT00AMUS/dp/B08YKDYWK5?tag=bestdeal03ff2-21",
    "category": "Laptops"
  },
  {
    "title": "Noise Colorfit Pro 5 Smart Watch 1.85\" AMOLED Display, BT Calling, New DIY Watch Faces, Smart Dock Design, Emergency SOS Tech, Emoji Support, 5X Faster Data Transfer, Instacharge?? (Starlight Gold)",
    "price": "\u20b92,999.00",
    "image": "https://m.media-amazon.com/images/I/41Y2IHZvYML._SX300_SY300_QL70_ML2_.jpg",
    "url": "https://www.amazon.in/Noise-Biggest-personalization-Productivity-Starlight/dp/B0CFYNB5NF?tag=bestdeal03ff2-21",
    "category": "Smart Watches"
  },
  {
    "title": "Noise ColorFit Ultra 3 Bluetooth Calling Smart Watch with Biggest 1.96\" AMOLED Display, Premium Metallic Build, Functional Crown, Gesture Control with Silicon Strap (Jet Black)",
    "price": "\u20b92,199.00",
    "image": "https://m.media-amazon.com/images/I/41O7YJM+9+L._SY300_SX300_.jpg",
    "url": "https://www.amazon.in/Noise-ColorFit-Bluetooth-Metallic-Functional/dp/B0BVR7PGQ7?tag=bestdeal03ff2-21",
    "category": "Smart Watches"
  },
  {
    "title": "boAt Wave Lite Smart Watch with 1.69\" HD Display, Sleek Metal Body, HR & SpO2 Level Monitor, 140+ Wa",
    "price": "N/A",
    "image": "https://m.media-amazon.com/images/I/31ePbRAMBAL._SX300_SY300_QL70_ML2_.jpg",
    "url": "https://www.amazon.in/boAt-Smartwatch-Display-Bluetooth-Playback/dp/B0BP12G1MD?tag=bestdeal03ff2-21",
    "category": "Smart Watches"
  },
  {
    "title": "boAt Wave Lite Smart Watch with 1.69 Inches(4.29cm) HD Display, Heart Rate & SpO2 Level Monitor, MUL",
    "price": "N/A",
    "image": "https://m.media-amazon.com/images/I/31I3CyeFVoL._SX300_SY300_QL70_ML2_.jpg",
    "url": "https://www.amazon.in/boAt-Inches-4-29cm-Display-Monitor/dp/B0BP12HXVK?tag=bestdeal03ff2-21",
    "category": "Smart Watches"
  },
  {
    "title": "Fire-Boltt Ninja Call Pro Smart Watch Dual Chip Bluetooth Calling, 42.92mm (1.69 inch) HD Display, AI Voice Assistance with 100 Sports Modes, with SpO2 & Heart Rate Monitoring (Gray)",
    "price": "\u20b9999.00",
    "image": "https://m.media-amazon.com/images/I/31qKQL7QFrL._SX300_SY300_QL70_ML2_.jpg",
    "url": "https://www.amazon.in/Fire-Boltt-Bluetooth-Calling-Assistance-Monitoring/dp/B0B85414K1?tag=bestdeal03ff2-21",
    "category": "Smart Watches"
  },
  {
    "title": "Fire-Boltt Ninja Fit Smartwatch Full Touch 1.69 & 120+ Sports Modes with IP68, Multi UI Screen, Over 100 Cloud Based Watch Faces, Built in Games (Black)",
    "price": "\u20b9999.00",
    "image": "https://m.media-amazon.com/images/I/41AKnjITHrL._SX300_SY300_QL70_ML2_.jpg",
    "url": "https://www.amazon.in/Fire-Boltt-Ninja-Smartwatch-Sports-Screen/dp/B0BVW2ZVT5?tag=bestdeal03ff2-21",
    "category": "Smart Watches"
  },
  {
    "title": "Fitbit Versa 4 Fitness Watch (Black/Graphite Aluminium) with 6-Month Premium Membership",
    "price": "\u20b917,399.00",
    "image": "https://m.media-amazon.com/images/I/31no9Y6TZdL._SX300_SY300_QL70_ML2_.jpg",
    "url": "https://www.amazon.in/Fitbit-Fitness-Graphite-Aluminium-Membership/dp/B0B75TVZZZ?tag=bestdeal03ff2-21",
    "category": "Smart Watches"
  },
  {
    "title": "Fitbit Versa Smartwatch, Black",
    "price": "\u20b917,399.00",
    "image": "https://m.media-amazon.com/images/I/41DTwqZxWWL._SX300_SY300_QL70_ML2_.jpg",
    "url": "https://www.amazon.in/Fitbit-Versa-Smartwatch-Black/dp/B07B48SQGT?tag=bestdeal03ff2-21",
    "category": "Smart Watches"
  },
  {
    "title": "Amazfit GTS 4 Smart Watch with 1.75 AMOLED Display, Bluetooth Calling, Alexa Built-in, SpO2, Accurate GPS Tracking Fitness Sports Watch with 150 Sports Modes, 8-Day Battery Life (Infinite Black)",
    "price": "\u20b9509.00",
    "image": "https://m.media-amazon.com/images/I/411V3MaYwXL._SX300_SY300_QL70_ML2_.jpg",
    "url": "https://www.amazon.in/Amazfit-Bluetooth-Accurate-Tracking-Infinite/dp/B0BBFW3GLM?tag=bestdeal03ff2-21",
    "category": "Smart Watches"
  },
  {
    "title": "Amazfit GTS 4 Mini Smart Watch, Alexa Built-in Fitness Tracker with 24H Heart Rate Blood Oxygen Monitor, 5 Satellite Positioning, 120+ Sports Modes, 5 ATM Waterproof (Midnight Black)",
    "price": "\u20b915,332.00",
    "image": "https://m.media-amazon.com/images/I/41OmofFCgjL._SX300_SY300_QL70_ML2_.jpg",
    "url": "https://www.amazon.in/Amazfit-Satellite-Positioning-Waterproof-Midnight/dp/B0B59PWQF8?tag=bestdeal03ff2-21",
    "category": "Smart Watches"
  },
  {
    "title": "Samsung Galaxy Watch Ultra (47mm, LTE, Silver) with Upto 100h battery | 3nm Processor | Dual GPS | Quick Button/Siren | Sapphire Glass & Titanium | 10ATM & IP68 | BP & ECG Monitor |Energy Score & AGEs",
    "price": "\u20b933,999.00",
    "image": "https://m.media-amazon.com/images/I/51OwWJjtdGL._SX300_SY300_QL70_ML2_.jpg",
    "url": "https://www.amazon.in/Samsung-Watch-Ultra-Silver-Processor/dp/B0DKFTDXMK?tag=bestdeal03ff2-21",
    "category": "Smart Watches"
  },
  {
    "title": "Samsung Galaxy Watch6 Classic Bluetooth (43mm, Black, Compatible with Android only) | Introducing BP & ECG Features",
    "price": "\u20b917,999.00",
    "image": "https://m.media-amazon.com/images/I/41Q+MNft5ML._SY300_SX300_.jpg",
    "url": "https://www.amazon.in/Samsung-Classic-Bluetooth-Compatible-Android/dp/B0CCV73GJG?tag=bestdeal03ff2-21",
    "category": "Smart Watches"
  },
  {
    "title": "boAt Airdopes 131 Bluetooth Truly Wireless in Ear Earbuds with Mic (Midnight Blue)",
    "price": "\u20b9749.00",
    "image": "https://m.media-amazon.com/images/I/416O3OuzozL._SX300_SY300_QL70_ML2_.jpg",
    "url": "https://www.amazon.in/Airdopes-131-Technology-Bluetooth-Immersive/dp/B088FKDVL2?tag=bestdeal03ff2-21",
    "category": "Bluetooth Earbuds"
  },
  {
    "title": "boAt Airdopes 131 Elite ANC, 32dB Active Noise Cancellation, 60HRS Battery, Ambient Mode, 4Mics ENx, Fast Charge, IPX5, v5.3 Bluetooth Earbuds, TWS Ear Buds Wireless Earphones with mic (Active Teal)",
    "price": "\u20b91,599.00",
    "image": "https://m.media-amazon.com/images/I/41uLVpcGoTL._SX300_SY300_QL70_ML2_.jpg",
    "url": "https://www.amazon.in/boAt-Airdopes-131-Elite-ANC/dp/B0DVZCH3Y6?tag=bestdeal03ff2-21",
    "category": "Bluetooth Earbuds"
  },
  {
    "title": "Oneplus Nord Buds True Wireless in Ear Earbuds with Mic, 12.4mm Titanium Drivers, Playback:Up to 30hr case, 4-Mic Design + AI Noise Cancellation, IP55 Rating, Fast Charging (Black Slate)",
    "price": "\u20b91,799.00",
    "image": "https://m.media-amazon.com/images/I/21t2d96ZvWL._SX300_SY300_QL70_ML2_.jpg",
    "url": "https://www.amazon.in/OnePlus-Wireless-Earbuds-Titanium-Playback/dp/B09ZHPN8W5?tag=bestdeal03ff2-21",
    "category": "Bluetooth Earbuds"
  },
  {
    "title": "OnePlus Nord Buds 3 Truly Wireless Bluetooth in Ear Earbuds with up to 32dB Active Noise Cancellation, 10mins for 11Hours Fast Charging with Up to 43h Music Playback -Chromatic Blue",
    "price": "\u20b91,899.00",
    "image": "https://m.media-amazon.com/images/I/31+KsJDSccL._SY300_SX300_.jpg",
    "url": "https://www.amazon.in/OnePlus-Wireless-Bluetooth-Cancellation-Chromatic/dp/B0DNJXJS35?tag=bestdeal03ff2-21",
    "category": "Bluetooth Earbuds"
  },
  {
    "title": "Noise Buds N1 in-Ear Truly Wireless Earbuds with Chrome Finish, 40H of Playtime, Quad Mic with ENC, Ultra Low Latency(up to 40 ms), Instacharge(10 min=120 min), BT v5.3(Carbon Black)",
    "price": "\u20b91,199.00",
    "image": "https://m.media-amazon.com/images/I/319KRfMDwXL._SX300_SY300_QL70_ML2_.jpg",
    "url": "https://www.amazon.in/Noise-Launched-Wireless-Playtime-Instacharge/dp/B0CQJWMMG7?tag=bestdeal03ff2-21",
    "category": "Bluetooth Earbuds"
  },
  {
    "title": "Noise Pure Pods Wireless Open Ear Earbuds with AirWave\u2122 Technology,Up-to 80H Playtime,Quad Mic with ENC,16mm Neodymium Dynamic Driver,Detachable Pure Band,BTv5.3 (Power Black)",
    "price": "\u20b92,999.00",
    "image": "https://m.media-amazon.com/images/I/41A3gnKHsbL._SX300_SY300_QL70_ML2_.jpg",
    "url": "https://www.amazon.in/Noise-AirWaveTM-Technology-Neodymium-Detachable/dp/B0CFYJ8HRS?tag=bestdeal03ff2-21",
    "category": "Bluetooth Earbuds"
  },
  {
    "title": "Sony WF-1000XM4 Industry Leading Active Noise Cancellation Multipoint Connection BT 5.2 TWS Truly Wireless in Ear Earbuds with Mic 36Hr Batt. Life WFH Built-in Mic for Clear Calls, Hi-Res Audio-Black",
    "price": "\u20b919,989.00",
    "image": "https://m.media-amazon.com/images/I/31P3nJDQ3vL._SX300_SY300_QL70_ML2_.jpg",
    "url": "https://www.amazon.in/Sony-WF-1000XM4-Industry-Cancellation-Bluetooth/dp/B094C4VDJZ?tag=bestdeal03ff2-21",
    "category": "Bluetooth Earbuds"
  },
  {
    "title": "Sony WF-1000XM4 Truly Wireless Noise Cancelling Headphone - Up to 24 hours battery life -Optimised for Alexa and Google Assistant-with built-in mic for calls - Bluetooth\u00ae multipoint connection* -Black",
    "price": "\u20b910,989.00",
    "image": "https://m.media-amazon.com/images/I/21xH43lUWhL._SY300_SX300_QL70_ML2_.jpg",
    "url": "https://www.amazon.in/Sony-WF-1000XM4-Cancelling-Headphone-Assistant/dp/B095DNPH4R?tag=bestdeal03ff2-21",
    "category": "Bluetooth Earbuds"
  },
  {
    "title": "JBL C115 True Wireless in Ear Earbuds with Mic, Jumbo 21 Hours Playtime with Quick Charge, True Bass, Dual Connect, Bluetooth 5.0, Type C and Voice Assistant Support for Mobile Phones (Black)",
    "price": "\u20b92,999.00",
    "image": "https://m.media-amazon.com/images/I/31yr77iRJCL._SX300_SY300_QL70_ML2_.jpg",
    "url": "https://www.amazon.in/JBL-Wireless-Bluetooth-Assistance-Integration/dp/B08L5ZC8R3?tag=bestdeal03ff2-21",
    "category": "Bluetooth Earbuds"
  },
  {
    "title": "JBL C115 True Wireless in Ear Earbuds with Mic, Jumbo 21 Hours Playtime with Quick Charge, True Bass, Dual Connect, Bluetooth 5.0, Type C and Voice Assistant Support for Mobile Phones (Red)",
    "price": "\u20b91,999.00",
    "image": "https://m.media-amazon.com/images/I/41VPAkJ3v-L._SX300_SY300_QL70_ML2_.jpg",
    "url": "https://www.amazon.in/JBL-Wireless-Playtime-Bluetooth-Assistant/dp/B08P71M4TR?tag=bestdeal03ff2-21",
    "category": "Bluetooth Earbuds"
  },
  {
    "title": "realme 12 Pro 5G (Navigator Beige, 8GB RAM, 256GB Storage) | 50 MP Sony IMX882 OIS Camera Snapdragon 6 Gen 1 5G Processor",
    "price": "\u20b921,999.00",
    "image": "https://m.media-amazon.com/images/I/41zldYymENL._SX300_SY300_QL70_ML2_.jpg",
    "url": "https://www.amazon.in/realme-12-5G-Navigator-Storage/dp/B0CTJYXF56?tag=bestdeal03ff2-21",
    "category": "Mobile Phones"
  },
  {
    "title": "iQOO Z9 5G (Brushed Green, 8GB RAM, 256GB Storage) | Dimensity 7200 5G Processor | Sony IMX882 OIS Camera | 120Hz AMOLED with 1800 nits Local Peak Brightness | 44W Charger in The Box",
    "price": "\u20b916,498.00",
    "image": "https://m.media-amazon.com/images/I/41WnWm3IjiL._SX300_SY300_QL70_ML2_.jpg",
    "url": "https://www.amazon.in/iQOO-Brushed-Dimensity-Processor-Brightness/dp/B07WHQMR25?tag=bestdeal03ff2-21",
    "category": "Mobile Phones"
  },
  {
    "title": "POCO X6 Pro 5G (POCO Yellow 8GB RAM 256GB Storage)",
    "price": "\u20b919,999.00",
    "image": "https://m.media-amazon.com/images/I/41Bea1deQvL._SX300_SY300_QL70_ML2_.jpg",
    "url": "https://www.amazon.in/POCO-Pro-Yellow-256GB-Storage/dp/B0CSDQY4X7?tag=bestdeal03ff2-21",
    "category": "Mobile Phones"
  },
  {
    "title": "ASUS TUF Gaming A15, AMD Ryzen 7 7435HS, NVIDIA GeForce RTX 3050, 16GB RAM, 1TB SSD, FHD 144Hz 250 nits, 15.6\", Windows 11, Black, 2.30KG, FA566NCR-HN117W Gaming Laptop",
    "price": "\u20b968,890.00",
    "image": "https://m.media-amazon.com/images/I/41LfT2+50cL._SY300_SX300_.jpg",
    "url": "https://www.amazon.in/ASUS-Gaming-GeForce-Windows-FA566NCR-HN117W/dp/B0F5MZHKTQ?tag=bestdeal03ff2-21",
    "category": "Laptops"
  },
  {
    "title": "Acer [SmartChoice Aspire 3 Laptop Intel Core Celeron N4500 Processor Laptop (8 GB LPDDR4X SDRAM/256 GB SSD/Win11 Home/38 WHR/HD Webcam) A325-45 with 39.63 cm (15.6\") HD Display, Pure Silver, 1.5 KG",
    "price": "\u20b921,990.00",
    "image": "https://m.media-amazon.com/images/I/41te6o+zQ7L._SY300_SX300_.jpg",
    "url": "https://www.amazon.in/Acer-Celeron-Processor-LPDDR4X-A325-45/dp/B0D7PTFFZH?tag=bestdeal03ff2-21",
    "category": "Laptops"
  },
  {
    "title": "MSI Modern 14, Intel 12th Gen. i7 1255U,36CM Laptop(16GB/512GB NVMe SSD/Windows 11 Home/Iris Xe/Classic Black/1.4Kg), C12MO-1202IN",
    "price": "\u20b946,611.00",
    "image": "https://m.media-amazon.com/images/I/41OdTS2aXQL._SX300_SY300_QL70_ML2_.jpg",
    "url": "https://www.amazon.in/MSI-Modern-Windows-Classic-C12MO-1202IN/dp/B0D22LZFNT?tag=bestdeal03ff2-21",
    "category": "Laptops"
  },
  {
    "title": "Infinix ZEROBOOK 13 Intel Intel Core i9 13th Gen 13900H - (32 GB/1 TB SSD/Windows 11 Home) ZL513 Thin and Light Laptop (15.6 inch, Grey with Meteorite Phase Design, 1.80 Kg, with MS Office)",
    "price": "\u20b999,990.00",
    "image": "https://m.media-amazon.com/images/I/41E3Nc6ATbL._SY300_SX300_QL70_ML2_.jpg",
    "url": "https://www.amazon.in/Infinix-ZEROBOOK-Intel-Core-13900H/dp/B0CR6QB8M7?tag=bestdeal03ff2-21",
    "category": "Laptops"
  },
  {
    "title": "Noise Pro 5 Smart Watch with 1.85\" AMOLED Display, BT Calling, New DIY Watch Faces, Ultra Personalization with Smart Dock, Productivity Suite, 100 Sports Modes and More -Midnight Black",
    "price": "\u20b92,999.00",
    "image": "https://m.media-amazon.com/images/I/416LsrI-STL._SX300_SY300_QL70_ML2_.jpg",
    "url": "https://www.amazon.in/Noise-Biggest-Personalization-Productivity-Midnight/dp/B0CFYNNBQX?tag=bestdeal03ff2-21",
    "category": "Smart Watches"
  },
  {
    "title": "Fire-Boltt Ninja Call Pro Plus Smart Watch 1.83 inch with Bluetooth Calling, AI Voice Assistance, 100 Sports Modes IP67 Rating, 240 * 280 Pixel High Resolution (Black)",
    "price": "\u20b9999.00",
    "image": "https://m.media-amazon.com/images/I/41RCVsQkYDL._SX300_SY300_QL70_ML2_.jpg",
    "url": "https://www.amazon.in/Fire-Boltt-Bluetooth-Calling-Assistance-Resolution/dp/B0BF57RN3K?tag=bestdeal03ff2-21",
    "category": "Smart Watches"
  },
  {
    "title": "realme Smart Watch S with 3.30 cm (1.3\") TFT-LCD Touchscreen, 15 Days Battery Life, SpO2 & Heart Rate Monitoring, IP68 Water Resistance, Black",
    "price": "\u20b9299.00",
    "image": "https://m.media-amazon.com/images/I/41iEt+dvqnL._SY300_SX300_.jpg",
    "url": "https://www.amazon.in/realme-TFT-LCD-Touchscreen-Monitoring-Resistance/dp/B08MB8YL5X?tag=bestdeal03ff2-21",
    "category": "Smart Watches"
  },
  {
    "title": "Amazfit Bip U Smart Watch, SpO2 & Stress Monitor, 3.63 cm(1.43\") HD Color Display, 60+ Sports Modes, Breathing Training, 50+ Watch Faces (Black)",
    "price": "\u20b94,999.00",
    "image": "https://m.media-amazon.com/images/I/41reHXjQOAL._SX300_SY300_QL70_ML2_.jpg",
    "url": "https://www.amazon.in/Amazfit-Bip-Smart-Watch-HD-Color-Display-Sports-Modes-Breathing/dp/B08HHCDN97?tag=bestdeal03ff2-21",
    "category": "Smart Watches"
  },
  {
    "title": "Sony WF-C700N Noise Cancellation Bluetooth Earbuds with Mic, TWS, Up to 20Hrs Battery, Adaptive Sound Control- Black",
    "price": "\u20b96,335.00",
    "image": "https://m.media-amazon.com/images/I/21ArdL9L1pL._SX300_SY300_QL70_ML2_.jpg",
    "url": "https://www.amazon.in/Sony-Cancellation-Multipoint-Connection-Support-Black/dp/B0BYPFNW6T?tag=bestdeal03ff2-21",
    "category": "Bluetooth Earbuds"
  },
  {
    "title": "realme Buds Air 3 Neo True Wireless in-Ear Earbuds with Mic, 30 hrs Playtime with Fast Charging and Dolby Atmos Support (Starry Blue)",
    "price": "\u20b91,259.00",
    "image": "https://m.media-amazon.com/images/I/31hpDZjMypL._SX300_SY300_QL70_ML2_.jpg",
    "url": "https://www.amazon.in/realme-Wireless-Earbuds-Playtime-Charging/dp/B0BHWNYL2Q?tag=bestdeal03ff2-21",
    "category": "Bluetooth Earbuds"
  },
  {
    "title": "Oppo Enco Buds Bluetooth True Wireless in Ear Earbuds(TWS) with Mic, 24H Battery Life, Supports Dolby Atmos Noise Cancellation During Calls, IP54 Dust & Water Resistant,(White, True Wireless)",
    "price": "\u20b92,300.00",
    "image": "https://m.media-amazon.com/images/I/21qqj015DuL._SX300_SY300_QL70_ML2_.jpg",
    "url": "https://www.amazon.in/Oppo-Bluetooth-Truly-Wireless-Earbuds/dp/B096YBVZP3?tag=bestdeal03ff2-21",
    "category": "Bluetooth Earbuds"
  },
  {
    "title": "Mivi Play Bluetooth Speaker with 12 Hours Playtime. Wireless Speaker Made in India with Exceptional Sound Quality, Portable and Built in Mic-Black",
    "price": "\u20b9699.00",
    "image": "https://m.media-amazon.com/images/I/41YA6mgXexL._SX300_SY300_QL70_ML2_.jpg",
    "url": "https://www.amazon.in/Mivi-Bluetooth-Playtime-Exceptional-Mic-Black/dp/B094RCC4L1?tag=bestdeal03ff2-21",
    "category": "Speakers"
  },
  {
    "title": "ZEBRONICS Twist 5, 5.1 Home Theatre Speaker, 90 Watts, Bluetooth v5.1 | USB | AUX | FM, 5.25 inch Subwoofer, Powerful Bass, Stylish Design",
    "price": "\u20b93,499.00",
    "image": "https://m.media-amazon.com/images/I/415+9foLaoL._SY300_SX300_.jpg",
    "url": "https://www.amazon.in/Zebronics-Zeb-Twist-5-1-Multimedia-Supporting/dp/B08CSNJ35L?tag=bestdeal03ff2-21",
    "category": "Speakers"
  },
  {
    "title": "Marshall Emberton II 20 W Wireless Bluetooth Portable Outdoor Speaker (Black & Brass)",
    "price": "\u20b912,999.00",
    "image": "https://m.media-amazon.com/images/I/41wigi67dJL._SX300_SY300_QL70_ML2_.jpg",
    "url": "https://www.amazon.in/Marshall-Emberton-Wireless-Bluetooth-Portable/dp/B09XXW54QG?tag=bestdeal03ff2-21",
    "category": "Speakers"
  },
  {
    "title": "ZEBRONICS Trion USB Gaming Keyboard & Mouse Gaming Combo, 104 Keys Backlit, Translucent Material, Multi Color LED, Multi DPI Modes, High Precision Key",
    "price": "\u20b9699.00",
    "image": "https://m.media-amazon.com/images/I/41RAlcYLNzL._SX300_SY300_QL70_ML2_.jpg",
    "url": "https://www.amazon.in/ZEBRONICS-Keyboard-Translucent-Material-Precision/dp/B0CVQL9NDD?tag=bestdeal03ff2-21",
    "category": "Gaming Gear"
  },
  {
    "title": "Logitech G733 Lightspeed Wireless Gaming Headset with Suspension Headband, LIGHTSYNC RGB, Blue VO!CE mic Technology and PRO-G Audio Drivers - Black",
    "price": "\u20b914,995.00",
    "image": "https://m.media-amazon.com/images/I/41KTfLEChqL._SX300_SY300_QL70_ML2_.jpg",
    "url": "https://www.amazon.in/Logitech-Lightspeed-Suspension-LIGHTSYNC-Technology/dp/B08HNCG8WQ?tag=bestdeal03ff2-21",
    "category": "Gaming Gear"
  },
  {
    "title": "Ant Esports MK3500 Mechanical Gaming Keyboard, Red Linear Switches, RGB Rainbow Backlit, 26 Anti Ghosting keys, Removable Wrist Rest,Square Keycaps, Full Size Wired Keyboard for Windows/Mac/PC \u2013 Black",
    "price": "\u20b91,399.00",
    "image": "https://m.media-amazon.com/images/I/41MPAu5ld3L._SX300_SY300_QL70_ML2_.jpg",
    "url": "https://www.amazon.in/Ant-Esports-MK3500-Mechanical-Removable/dp/B0DSVPWC7R?tag=bestdeal03ff2-21",
    "category": "Gaming Gear"
  },
  {
    "title": "Cosmic Byte CB-GC-02 Mysterious Gaming Chair (Black/Grey)",
    "price": "\u20b95,628.00",
    "image": "https://m.media-amazon.com/images/I/31zlogs5jRL._SX300_SY300_QL70_ML2_.jpg",
    "url": "https://www.amazon.in/Cosmic-Byte-CB-GC-02-Mysterious-Gaming/dp/B09NVSSH44?tag=bestdeal03ff2-21",
    "category": "Gaming Gear"
  },
  {
    "title": "ASUS [Smartchoice] ROG Strix G16, 16\"(40.64cm) FHD+ 165Hz, 13th Gen Core i7-13650HX,Gaming Laptop(16GB RAM/1TB SSD/NVIDIA GeForce RTX 4060 /Windows 11/Office 21/Eclipse Gray/2.50 Kg), G614JV-N3474WS",
    "price": "\u20b91,25,990.00",
    "image": "https://m.media-amazon.com/images/I/41VM40o-G3L._SX300_SY300_QL70_ML2_.jpg",
    "url": "https://www.amazon.in/ASUS-Smartchoice-40-64cm-i7-13650HX-G614JV-N3474WS/dp/B09TB4FPKW?tag=bestdeal03ff2-21",
    "category": "Gaming"
  },
  {
    "title": "MSI Gaming Raider GE66, Intel 12th Gen. i7-12700H, 17.3\" UHD 120Hz Gaming Laptop (16GBx2/2TB NVMe SSD/Windows 11 Home/Nvidia RTX 3080Ti 16GB GDDR 6/ Titanium Blue/2.9Kg), 12UHS-218IN,9S7-154414-218",
    "price": "\u20b993,990.00",
    "image": "https://m.media-amazon.com/images/I/41j6rslWK7L._SX300_SY300_QL70_ML2_.jpg",
    "url": "https://www.amazon.in/MSI-i7-12700H-Titanium-12UHS-218IN-9S7-154414-218/dp/B09RHLJN2Z?tag=bestdeal03ff2-21",
    "category": "Gaming"
  },
  {
    "title": "Acer Predator Helios 16 Gaming Laptop 14th Gen Intel Core i9 Processor (Windows 11 Home/16 GB/1 TB SSD/NVIDIA GeForce RTX 4070) PH16-72 with 40.64 cm (16\") WQXGA Display",
    "price": "\u20b91,69,990.00",
    "image": "https://m.media-amazon.com/images/I/418IYsq2w8L._SX300_SY300_QL70_ML2_.jpg",
    "url": "https://www.amazon.in/Acer-Predator-Processor-Windows-PH16-72/dp/B0CXPXT4XD?tag=bestdeal03ff2-21",
    "category": "Gaming"
  },
  {
    "title": "Lenovo Legion Pro 5 AMD Ryzen 9 7945HX 16\" (40.64cm) WQXGA-IPS 240Hz 500Nits Gaming Laptop (16GB/1TB SSD/Win 11/Office 2021/NVIDIA RTX 4060 8GB/Alexa/3 Month Game Pass/Onyx Grey/2.5Kg), 82WM00FEIN",
    "price": "\u20b91,54,990.00",
    "image": "https://m.media-amazon.com/images/I/41k1B1TbynL._SY300_SX300_QL70_ML2_.jpg",
    "url": "https://www.amazon.in/Lenovo-40-64cm-WQXGA-IPS-500Nits-82WM00FEIN/dp/B0D86V2RLP?tag=bestdeal03ff2-21",
    "category": "Gaming"
  },
  {
    "title": "HP (Smartchoice Victus 13th gen Intel i5-13420H/15.6-inch(39.6cm) Gaming Laptop(6gb RTX 4050/16GB DDR4/SSD,1TB) FHD,IPS,144Hz(win11,MSO,Blue,2.37kg),fa1317TX",
    "price": "\u20b961,490.00",
    "image": "https://m.media-amazon.com/images/I/41XRwFv-dSL._SX300_SY300_QL70_ML2_.jpg",
    "url": "https://www.amazon.in/HP-Smartchoice-i5-13420H-15-6-inch-fa1317TX/dp/B0D1YHWVF9?tag=bestdeal03ff2-21",
    "category": "Gaming"
  },
  {
    "title": "Dell Alienware x16 Gaming Laptop, Intel Core i9 13900HK Processor/32GB/2TB SSD/NVIDIA RTX 4090 16GB GDDR6/ 16\"(40.64cm) QHD+ 240Hz, 3ms, DCI-P3 100%/Win 11+MSO'21+McAfee 15 Month/Lunar Silver/2.72kg",
    "price": "\u20b93,36,136.00",
    "image": "https://m.media-amazon.com/images/I/31kNZoOdv4L._SX300_SY300_QL70_ML2_.jpg",
    "url": "https://www.amazon.in/Dell-Alienware-x16-13900HK-Processor/dp/B0C4Z7D2V9?tag=bestdeal03ff2-21",
    "category": "Gaming"
  },
  {
    "title": "Nikon Z50 Mirrorless Camera, 20.9 MP with Z DX 16-50Mm F/3.5-6.3 VR & Z DX 50-250Mm F/4.5-6.3 VR Lens with Additional Battery & 64 GB SD Card",
    "price": "\u20b989,490.00",
    "image": "https://m.media-amazon.com/images/I/41DTJFQTp6L._SY300_SX300_QL70_ML2_.jpg",
    "url": "https://www.amazon.in/Nikon-Z50-Mirroless-16-50mm-50-250mm/dp/B084MH4VBS?tag=bestdeal03ff2-21",
    "category": "Cameras"
  },
  {
    "title": "Sony Alpha ILCE-7M4K Full-Frame Hybrid Camera 33MP Interchangeable-Lens Mirrorless Camera with 28-70mm Digital Zoom Lens | 4K 60P Video Recording | Real-Time Eye AF for Humans, Birds, Animals - Black",
    "price": "\u20b92,30,989.00",
    "image": "https://m.media-amazon.com/images/I/41gE7Xj1ZXL._SX300_SY300_QL70_ML2_.jpg",
    "url": "https://www.amazon.in/Sony-ILCE-7M4K-Full-Frame-Interchangeable-Lens-Mirrorless/dp/B09SB2P8J5?tag=bestdeal03ff2-21",
    "category": "Cameras"
  },
  {
    "title": "GoPro Hero Lightweight Rugged & Waterproof 4K Action Camera with Touch Screen, 2X Slo-Mo, Mounting Flexibility with in-Built Enduro Battery (1-Yr International+1-Yr India Warranty),Black",
    "price": "\u20b916,990.00",
    "image": "https://m.media-amazon.com/images/I/21+dHKytcSL._SY300_SX300_.jpg",
    "url": "https://www.amazon.in/GoPro-Lightweight-Waterproof-Flexibility-International/dp/B0DFY14LY6?tag=bestdeal03ff2-21",
    "category": "Cameras"
  },
  {
    "title": "Panasonic LUMIX G7 16.00 MP 4K Mirrorless Interchangeable Lens 128 GB Camera Kit with 14-42 mm Lens (Black) with 3x Optical Zoom",
    "price": "\u20b942,489.00",
    "image": "https://m.media-amazon.com/images/I/51RCaRoUPKL._SX300_SY300_QL70_ML2_.jpg",
    "url": "https://www.amazon.in/Panasonic-DMC-G7KGW-K-Mirrorless-Camera-Black/dp/B07JLXC5BR?tag=bestdeal03ff2-21",
    "category": "Cameras"
  },
  {
    "title": "ZEBRONICS THUNDER Bluetooth 5.3 Wireless Headphones with 60H Backup, Gaming Mode, Dual Pairing, ENC, AUX, Micro SD, Voice assistant, Comfortable Earcups, Call Function(Black)",
    "price": "\u20b9699.00",
    "image": "https://m.media-amazon.com/images/I/417gW8O1RzL._SX300_SY300_QL70_ML2_.jpg",
    "url": "https://www.amazon.in/ZEBRONICS-Bluetooth-Headphones-assistant-Comfortable/dp/B07L8KNP5F?tag=bestdeal03ff2-21",
    "category": "Audio"
  },
  {
    "title": "boAt Rockerz 550/Rockerz 558 Over Ear Bluetooth Headphones with Upto 20 Hours Playback, 50MM Drivers, Soft Padded Ear Cushions and Physical Noise Isolation(Black)",
    "price": "\u20b91,599.00",
    "image": "https://m.media-amazon.com/images/I/41PlZjYsy-L._SX300_SY300_QL70_ML2_.jpg",
    "url": "https://www.amazon.in/Boat-Rockerz-550-Headphone-Aesthetics/dp/B0856HY85J?tag=bestdeal03ff2-21",
    "category": "Audio"
  },
  {
    "title": "Remixmart Neckband Wireless In-Ear Bluetooth Earphones with Mic Under 1000 for All Apple and Android Devices",
    "price": "\u20b9599.00",
    "image": "https://m.media-amazon.com/images/I/3102Uts+zhL._SY300_SX300_.jpg",
    "url": "https://www.amazon.in/Remixmart-Neckband-Wireless-Bluetooth-Earphones/dp/B07RDWBFN7?tag=bestdeal03ff2-21",
    "category": "Audio"
  },
  {
    "title": "Amazfit Band 7 Activity Fitness Tracker, Always-on AMOLED Display, Alexa Built-in, Up to 18-Day Battery Life, 24H Heart Rate & SpO2 Monitoring, 5 ATM Water Resistant, 120 Sports Modes (Black)",
    "price": "\u20b93,999.00",
    "image": "https://m.media-amazon.com/images/I/41NDG1LI3wL._SX300_SY300_QL70_ML2_.jpg",
    "url": "https://www.amazon.in/Amazfit-Activity-Fitness-Monitoring-Resistant/dp/B0B5TTLRBS?tag=bestdeal03ff2-21",
    "category": "Wearables"
  },
  {
    "title": "Xiaomi Band 7 Pro Smartwatch with GPS, Health & Fitness Activity Tracker, 1.64 inch AMOLED Touch Display",
    "price": "\u20b93,999.00",
    "image": "https://m.media-amazon.com/images/I/41bUesdfe9L._SX300_SY300_QL70_ML2_.jpg",
    "url": "https://www.amazon.in/Xiaomi-Smartwatch-Fitness-Activity-Tracker/dp/B0CCXKBPLW?tag=bestdeal03ff2-21",
    "category": "Wearables"
  },
  {
    "title": "realme Fashion Watch 3.56 cm (1.4\") Large HD Color Display, Full Touch Screen, SpO2, Continuous Heart Rate Monitor, Black, Free Size (RMA161)",
    "price": "\u20b9337.00",
    "image": "https://m.media-amazon.com/images/I/410jvIdhL+L._SY300_SX300_.jpg",
    "url": "https://www.amazon.in/realme-Fashion-Display-Continuous-Monitor/dp/B089NZG3Z3?tag=bestdeal03ff2-21",
    "category": "Wearables"
  },
  {
    "title": "Orient Electric Apex-FX 1200mm Ceiling Fan for Home| BEE Star Rated Energy Efficient Fan| Rust Resistant | Strong and Powerful Motor | 2 Years Warranty by Orient | Blue - Pack of 1",
    "price": "\u20b91,249.00",
    "image": "https://m.media-amazon.com/images/I/31G+N4VemiL._SY300_SX300_.jpg",
    "url": "https://www.amazon.in/Orient-Electric-Apex-FX-1200mm-Ceiling/dp/B0BMVG2CJK?tag=bestdeal03ff2-21",
    "category": "Home Appliances"
  },
  {
    "title": "Philips Skin Friendly Beard Trimmer for Men| 10 Length Settings| 15mins Quick Charge| Self Sharpening Blades | Cordless & Rechargeable| New Model - BT3303/30",
    "price": "\u20b91,388.00",
    "image": "https://m.media-amazon.com/images/I/41HqzdcBYEL._SX300_SY300_QL70_ML2_.jpg",
    "url": "https://www.amazon.in/Friendly-settings-Sharpening-Cordless-Rechargeable/dp/B0C7VYN5PV?tag=bestdeal03ff2-21",
    "category": "Fitness & Health"
  },
  {
    "title": "Dr Physio (USA) Electric Full Body Massager Machine for Pain Relief of Back, Leg and Foot- 1021",
    "price": "\u20b91,499.00",
    "image": "https://m.media-amazon.com/images/I/41fPuP0cjvL._SX300_SY300_QL70_ML2_.jpg",
    "url": "https://www.amazon.in/Dr-Physio-Electric-Massager-Machine/dp/B082NV7T9V?tag=bestdeal03ff2-21",
    "category": "Fitness & Health"
  },
  {
    "title": "Apollo Pharmacy Digital Thermometer, 1 Count",
    "price": "\u20b9108.00",
    "image": "https://m.media-amazon.com/images/I/31lVsPkgxqL._SY445_SX342_QL70_ML2_.jpg",
    "url": "https://www.amazon.in/Apollo-Pharmacy-Digital-Thermometer-Count/dp/B09WVK7PLQ?tag=bestdeal03ff2-21",
    "category": "Fitness & Health"
  },
  {
    "title": "Tagas Women's Jeans|Women Jeans Baggy |womensjeans high Waist||(WDJ-8)",
    "price": "",
    "image": "https://m.media-amazon.com/images/I/31ULh3CxFyL._SY445_SX342_.jpg",
    "url": "https://www.amazon.in/Tagas-Womens-Jeans-Women-womensjeans/dp/B0F13BLLJN?tag=bestdeal03ff2-21",
    "category": "Fashion"
  },
  {
    "title": "Amazon Basics 64 GB Micro SD Card with Adapter | Upto 120 MB/s | Class 10 | U1, C10, V10 Speed Classes",
    "price": "\u20b9469.00",
    "image": "https://m.media-amazon.com/images/I/41syywbHNuL._SY300_SX300_QL70_ML2_.jpg",
    "url": "https://www.amazon.in/Amazon-Basics-Micro-Adapter-Classes/dp/B0CGCY57SD?tag=bestdeal03ff2-21",
    "category": "Storage Devices"
  }
]